Names,Minimum Order (Pieces),Company,Lowest Bulk Price (in $),Highest Bulk Price (in $),Rating,Number of Reviews,Years on Amazon,Supplier Country Origin
High Quality Lady Original Brand Designer Light Lasting Fragrance Perfumes Women perfume,3,"Zhejiang Meimi Technology Co., Ltd.",1.85,2.05,4.5,31,2,China
Newest fresh and floral body mist long lasting body mist for Europe and America,240,Dwangi Freshener Sdn Bhd,0.95,1.09,4.5,12,7,China
Fast Delivery Sau-vage Fresh Scent 30mL Spray,50,Japan Healthcare Institute Inc.,4.3,4.8,4.8,59,1,None
Clean fragrance natural perfume repair moisturize essence oil vegan yoni products,1,"Guangzhou Laiwu Biotechnology Co., Ltd.",90.0,100.0,3.0,2,2,Japan
Victoria's Spray Perfume 50ml Women's Brand Perfume Branded Original fragrance Dubai Arabic long Lasting women perfumes,3000,Quanzhou City Licheng District Damei Shoes Firm,1.8,2.3,4.4,76,1,None
Original Perfume Body Spray 1:1 Bloom Profumo Di Fiori Perfume 100ml Female Eau De Parfum Long lasting Smell Top quality,2,"Aboland Perfume Design Co., Ltd.",1.73,2.04,4.4,102,1,None
Pure Pink Women's Body Spray Perfumes for Women Wholesale,96,"Henan Cun Lan Cosmetics Co., Ltd.",1.23,1.23,5.0,4,1,None
Wholesale 100Ml Pink Perfume High Quality Long Lasting Original Brand Perfume For Women,10000,"Shenzhen Tongfei Trade Co., Ltd.",4.3,5.1,4.4,8,1,None
High Quality 50ML Pheromone Perfume Women Men Sex Passion Orgasm Body Emotions Perfume,72,"Qing Dao Yavis Crafts co.,ltd",0.95,1.2,4.3,23,7,China
Wholesale OEM inportado original 10ML 30ML 50ML 100ML women's and mens Floral / Fruity / Spicy / Woody Scent perfumes,48,"Ganzhou Mycolor Cosmetics Co., Ltd.",0.99,1.8,4.5,30,6,China
Wholesale Private Label Top Luxury Perfume Long Lasting Fragrance Women's Perfume,12,"Guangzhou Zuofun Cosmetics Co., Ltd.",15.0,24.0,4.9,28,2,China
North Moon Natural Fragrance Couple Dating Refreshing Men Women Luxury Perfumes Originales Al Por Mayor perfume,10,"AHOY TRADING, LLC",0.59,1.28,5.0,3,1,None
natural and long-lasting pocket perfume Portable Solid balm perfume Aroma Deodorant Fragrance Body Antiperspirant,10,"Shenzhen Tongfei Trade Co., Ltd.",0.51,0.65,4.9,20,4,China
Tailaimei men's ball roll-on antiperspirant body fragrance sticks quick drying nourishing skin Women's antiperspirant,50,"Hebei Xiujiesi Trading Co., Ltd.",0.45,0.59,4.9,19,1,None
High Quality Wholesale Popular European Perfume 30ml Long Lasting Light Fragrance Perfume for Women for Home Salon,10000,"Yiwu Xiangnuo Cosmetics Co., Ltd.",4.0,4.5,4.7,101,4,China
35ml Long Lasting Perfume Oriental Floral Fragrance 20 pieces in 1 box Parfum Body Spray Design Private Label Women's Perfume,100,"Ningbo Glantu Electronic Industry And Trade Co., Ltd.",0.38,0.5,4.57,21,1,None
"Women Private Perfume Feminine Inner Beauty Perfume for Underwear Attractive Scents Fragrance, 5ml/0.169 fl.oz",8,"Shenzhen Unique Home Life Technology Co., Ltd.",0.7,0.75,5.0,4,5,China
Wholesale Body Spray Perfume For Women's Perfume Private Label Design Your Own Perfumes Original,500,"Union Chance Co., Ltd.",1.5,2.2,4.5,28,1,None
MayCreate 88ml Charming for Women Fresh Long-Lasting Fragrance Classic Parfum Spray,5,Thammasak,0.55,0.85,3.4,13,16,China
"La Belle Paris - Kit Body Splash - 4 types - Seduction, Coconut, Intense, Strawberry - 200ml",20,"Xuzhou Willings Import& Export Trading Co., Ltd.",1.8,1.8,4.6,10,2,BR
New Travel Size Long Lasting Rose Lavender Mint Fragrance Mint 10ml Women's Perfume,3,"Guangzhou Shengyi Chemical Technology Co., Ltd.",0.71,0.71,4.8,7,15,China
33ml 35ml Long Lasting Perfume Original Fragrance 20 in 1Parfum Body Spray Newest Design Private Label Women's Perfume,144,"Quanzhou Fanyao Trading Co., Ltd.",0.52,0.58,4.5,27,4,China
2023 Newest Yve Sain Laur Y Men's Perfume Perfumes Original High Quality Long Lasting Parfum Spray Fragrance Men's Perfume,10,"Yiwu Excellence Cosmetics Co., Ltd.",18.0,23.0,4.8,2,2,China
Body Mist Vic Secret Fragrance Love Seduce Body Spray and Lotion Set,100,"Guangzhou Zuofun Cosmetics Co., Ltd.",2.38,2.6,4.7,46,8,China
SHI MANG 50Ml Men's And Women's Perfume 8 Colors Long Lasting Herben Light Fragrance Water Sweet Natural Fruit Student Perfume,1,"Guangzhou Xingrui Technology Co., Ltd.",1.08,1.45,4.2,54,4,China
LA MEMORIA Premium quality best perfume for women,3,"Shantou Monbon Cosmetics Co., Ltd.",6.0,6.0,5.0,4,2,India
45ML Pheromone Pockets Perfume Men Women Long Lasting Fragrance Students Fresh Natural Perfumes Body Scent Parfum,500,THE SIX SATURDAY CO. LTD.,1.08,1.28,4.4,82,7,China
Factory Wholesale Orchid Perfumes Long Lasting Perfume Spray 10ML Thailand,100,"He' Nan Hangkai Trading Co., Ltd.",11.0,12.0,4.6,18,5,TH
women's perfume long lasting perfume arabic perfume,10000,AJMAL INTERNATIONAL TRADING CO. (L.L.C.),5.76,6.29,5.0,2,1,None
Honey Fragrance WISAL EAU DE original Unisex perfume 50ML Spicy Floral Musky Fresh FOR MEN AND WOMEN,50,"Shenzhen Beautyswan Technology Co., Ltd.",21.5,21.5,5.0,4,1,None
Secret Perfume 30 ml Sexy Girl Women Perfume Fragrance Long Lasting Lady Parfum High Quality,20,Thammasak,0.78,1.2,4.6,25,7,China
New Brand 30ml Female Perfume Deodorant Body Spray Strong Female Fragrance Perfume Long Lasting Eau De Parfum Women Perfume,5000,"Beauty-Soaps Commodity Co., Ltd.",1.34,1.49,4.1,5,1,None
Popular perfume bottle glitter women and men long time leaving perfume wholesale private label,10,"Zhejiang Meizhiyuan Cosmetics Co., Ltd.",1.3,2.0,4.7,49,6,China
Brand Fragrance Set For Lady Gift Perfume Lipstick Gift Box Good Smell Long Lasting Women Perfume Set,400,"Shenzhen Shunjing E-Commerce Co., Ltd.",9.5,10.5,4.7,69,2,China
Original Perfume 1:1 Women'S Perfume Designer Perfume for SakurA CHeRRY BLOSSOM COLOGNE 3.4 100 ML,2,Pucheng County Lefan Department Store,11.0,14.0,4.5,35,1,None
Perfume Women 50ml Natural Fresh Flora And Fruity Original Long Lasting Vip Lady Perfume,48,"Shanghai Hexuanshu Industrial Co., Ltd.",1.2,1.8,4.6,8,2,China
Wholesale luxuries spray bottle cheap body mist fragrance perfume for woman,10000,"Shanghai Seli Industry&Trade Co., Ltd.",1.2,1.6,4.6,8,6,China
Ital Women 90 Ml Perfume Gold Natural Women's Perfume Factory Sale Eau De Parfum High Quality Personal Care for Women Perfume,3,"Guangzhou Hande Biotechnology Co., Ltd.",2.6,3.12,4.9,32,2,Turkey
Private Label Good Quality Women perfume 100ml From Guangzhou Factory,3,"Guangzhou Shunmeile Trading Co., Ltd.",3.1,3.3,4.9,120,9,China
Wholesale Perfumes Eau De Parfum Custom 75ml Long Lasting Women's Perfume,10,"Guangzhou Yingying Biotechnology Co., Ltd.",1.64,2.58,4.5,12,3,China
24 Hours Permanent Natural Women's Perfume Luxury Design High Quality Personal Care for Women Perfume,20000,"Skylark Network Co., Ltd.",1.0,1.0,4.6,8,2,Turkey
Hot Sale Wete by L'actone 50 ml Woman Perfume,2,"Shanxi Binduo Technology Co., Ltd.",2.85,2.95,5.0,4,5,Turkey
SM Christmas Gift Wholesale Victoria Fleur Body Spray 236ml Coconut Strawberry Fruity Women's Perfume,10,"Yiwu Jiaoyun Import & Export Co., Ltd.",1.5,2.5,4.9,21,10,China
Eau de Parfum WOODY OUD 80ml by Alhambra Natural perfume spray for women Dubai Perfumes,50,"Zhejiang Meizhiyuan Cosmetics Co., Ltd.",14.0,16.5,4.9,13,4,Pakistan
Victoria Spray 250ml Custom Branded Fragrance Women's Perfume Gift Set,50,"Guangzhou Xincheng Cosmetics Co., Ltd.",1.31,1.6,4.2,5,4,China
TWINKLE WORLD Export Quality Body Mist Wholesale 250 ML perfume for women,24,"Hebei Netfly Cultural Communication Co., Ltd.",0.95,0.95,5.0,4,2,India
High Quality Women's Original Perfume Luxury Perfume Box Long Lasting 80ml Wooden Oriental Perfume,1,"Shenzhen Pengtuankunyun Technology Co., Ltd.",2.5,5.8,4.2,54,1,None
EDP deodorant stick of lattafa perfumes original mini gift box sets for women's perfume,1,VIBER COLLECTION,4.0,6.0,4.2,54,3,China
Perfume BADEE AL OUD HONOR & GLORY by Lattafa 100 ML Eau de perfume Dubai Arabic perfumes UAE,100,"Quanzhou Zhengda Daily Use Commodity Co., Ltd.",17.0,19.0,5.0,4,4,Pakistan
Top Quality Life of Tree Perfume Oil Jewelry Necklace Locket in 361l Stainless steel Material for valentines's gift,3,"Dongguan Happy Beauty Jewelry Co., Ltd.",1.25,2.7,4.7,22,7,China
new design best custom cat lovely skeleton pendant charms jewelry stainless steel magnet perfume pendants jewelries men women,5000,"Shashatu (zhuhai) Cosmetic Co., Ltd.",1.89,3.19,4.57,21,12,China
Hot Selling 2pcs Gift Set 250ml body mist and 200ml body cream with CHINA FACTORY,1,"Shenzhen Guiminghuan Technology Co., Ltd.",2.1,2.51,3.4,13,7,China
Mothers Day 2pcs Gift Set 250ml body mist and 200ml body cream with LOW PRICE,120,"Shenzhen Pengtuankunyun Technology Co., Ltd.",2.1,2.52,4.5,44,7,China
Private Label Long Lasting Original Ladies Perfumes de Mujer Paris Three-piece Women Perfume Gift Set,3,HEMANI INTERNATIONAL (PVT) LIMITED,3.0,7.0,4.5,44,6,China
Latest design and good quality scrub body spray long lasting women's fragrance,1,"Shenzhen Fuhengjie Technology Co., Ltd.",1.08,1.72,4.7,18,8,China
VV LOVE Colorful Glass Perfume Spray 35ml Unisex Pocket Perfume Private Label Perfume,2,"Yiwu Shuangxin Trading Co., Ltd.",0.32,0.38,4.7,18,6,China
Nice Smell 24 Hours Permanent Natural Men's Perfume Natural Spray Vaporisaeur 100 ml Exclusive Personal Care for Men's Perfume,2,DE KOZMETIK SANAYI VE TICARET LIMITED SIRKETI,1.0,1.0,4.7,18,2,Turkey
Nice Smell Women 100 Ml Perfume Bommshel Natural Women's Perfume Bommshel Natural Spray Vaporisaeur 100 ml Women's Perfume,3,DE KOZMETIK SANAYI VE TICARET LIMITED SIRKETI,2.6,3.12,5.0,4,2,Turkey
Brand Perfume 100ML Eau De Parfum Long Lasting Body Spray Fragrance Original Women's Perfume,120,"Shenzhen Weepro Technology Co., Ltd.",5.99,7.99,4.57,21,6,China
Luxury Silk Velvet Evening Knot Closure Wrist Bag Portable Cosmetic Organizer Pouch Ladies Hand Bag women's messenger bags,100,"Shenzhen Fuhengjie Technology Co., Ltd.",2.76,3.74,4.57,21,13,China
Top Quality Ford Rose Wood 50ml 100ml Unisex Perfume Men's And Women's Fragrance Perfume Spray,1,"Yiwu Zuoye Cosmetics Co., Ltd.",5.99,7.99,4.7,14,6,China
Perfume 100ml Women's Fantasy Good quality perfume Long-lasting fragrance,12,"Yiwu Jiaoyun Import & Export Co., Ltd.",1.34,2.14,4.7,14,8,China
high quality wholesale 100ml women's perfume luxury perfume,10000,"Yiwu Jiaoyun Import & Export Co., Ltd.",1.19,1.9,4.1,19,8,China
RTS Wholesale High Quality Perfume set Original Exquisite Brand Gift Box Men's And Women's Perfume set,12,"Shashatu (zhuhai) Cosmetic Co., Ltd.",3.2,3.8,5.0,4,2,China
NEW Sale Perfume Set Fragrance Luxury long lasting original Eau De Parfum Mini Perfume Gift Designer Set,100,IVY BEAUTY CORPORATION SDN. BHD.,3.5,4.2,4.7,22,2,China
Women Fragrance AVII HER EDT_Alluring 50ml with the delicate Fragrance Long Lasting_Malaysia,480,GLOCAL CORP.,1.0,5.0,4.8,23,13,Malaysia
Japan Pearl Barley Extract W Effects of Face Wash & Facial Cleansing 130g Medical Quasi-Drug Wholesale 2024 New Products,1,GLOCAL CORP.,1.52,1.67,4.6,53,17,Japan
Made in Japan Medicated Quasi-Drug W Effects of Face Wash & Facial Cleansing with Pearl Barley Extract 130g Wholesale Best 2023,96,GLOCAL CORP.,1.15,1.41,4.6,53,17,Japan
Made in Japan W Effects of Face Wash and Facial Cleanser White Tsubaki Camellia Oil 190g Wholesale 2024 New Products,1000,Pucheng County Lefan Department Store,1.52,1.86,4.6,53,17,Japan
Women's 100ml Long-lasting Fresh Floral and Fruity Fragrance Perfume perfume bottle with box,20,"Yiwu Chuanfan Jewelry Co., Ltd.",2.65,3.32,4.6,53,1,None
Stainless steel 18k gold net bag natural crystal heart stone adjustable knot net pendant necklace gemstone,10,"Yiwu Shuangying E-Commerce Co., Ltd.",2.9,3.9,4.6,26,2,China
Chinese Premium Quality Pink Perfume Sweetheart Perfume luxury For Women Perfume brands,70,"Yiwu Excellence Cosmetics Co., Ltd.",1.2,2.5,4.6,26,6,China
Factory Outlet: Original Brand Women's Perfume and Long-Lasting Spray Perfume for Men and Women,288,"Yiwu Meiji Import And Export Co., Ltd.",2.89,3.86,4.3,8,1,None
Hot Selling Women's Perfume Gift Set Long Lasting Fragrance Three Pieces Valentine's Day Gift,6,"Guangzhou Xingrui Technology Co., Ltd.",2.2,5.6,4.2,54,1,None
10ml Women's Perfume and Unisex Natural Perfume Gift Set High-End Long Lasting Light Fragrance Perfume Spray,48,"Yiwu Meiji Import And Export Co., Ltd.",8.5,10.0,4.7,12,6,China
Original Perfume 1:1100Ml 3.3oz A Gloaming Night Perfume Long Lasting Eau De Parfum Designer Cologne Original Women'S Perfume,480,"Shenzhen Fargrass Trading Co., Ltd.",11.0,14.0,4.8,5,1,None
Original Perfume 1:1 TOP Hot Selling Perfume Allllure EDT Perfume 100ML Brand High Quality Long Lasting Women's Customize,432,"Shenzhen Fargrass Trading Co., Ltd.",11.0,14.0,4.4,61,1,None
Original Perfume 1:1 Women's perfume MiXED EMOTIONS Fragrance Spray Bal D'Afrique Gypsy Water Mojave Ghost Blanche EDP,500,"SunGene CO,. LTD.",11.0,14.0,3.9,49,1,None
Women's Perfume and Unisex Natural Perfume Gift Set 50ml Long Lasting Light Fragrance Own Brand Original Perfume Spray,50,"SunGene CO,. LTD.",2.22,2.73,4.4,232,1,None
30ml Pheromone Women Perfume Dating Sex Hotel Long Lasting Mini Travel Mood Special Glamorous Sexy Thrilling,3,"SunGene CO,. LTD.",0.67,0.82,4.5,44,1,None
10g women's perfume Pheromone Roll On Perfume Dating Sex Hotel Long Lasting Mini Travel Mood Special Glamorous Sexy Thrilling,5,"SunGene CO,. LTD.",1.51,1.85,4.5,44,1,None
10g women's perfume Pheromone Roll On Perfume Dating Sex Hotel Long Lasting Mini Travel Mood Special Glamorous Sexy Thrilling,5,"SunGene CO,. LTD.",1.06,1.31,4.6,3,1,None
Unisex Long-lasting Light Fragrance Perfume for Students - Fresh and Natural Suitable for Gifting Personal Use and Travel,6,"SunGene CO,. LTD.",1.53,1.76,4.7,32,1,None
Women's Perfume and Unisex Natural Perfume Gift Set High-End 50ml Long Lasting Light Fragrance Perfume Spray,350000,"Qingdao Kenuoda Industry & Trading Co., Ltd.",1.19,1.54,5.0,7,1,None
VL9059-33 ODM/OEM Cheap price women's 75ML body lotion+85ml body mist christmas gift sets,100,"Yiwu Jiaoyun Import & Export Co., Ltd.",1.35,2.21,4.7,12,8,China
Private Label Long Lasting Original Ladies Perfumes de Mujer Paris Three-piece Women Perfume Gift Set,100,"Nanchang Metis Trading Co., Ltd.",3.1,3.8,5.0,5,1,None
long-lasting eau de toilette human peach Popular fragrance spray women's perfume,100,"Nanchang Metis Trading Co., Ltd.",10.0,24.0,5.0,5,1,None
Women's Delicate Adjustable Healing Stainless Steel Diy Aroma Tree Of Life Perfume Aromatherapy Essential Oil Diffuser Bracelet,3,"Nanchang Metis Trading Co., Ltd.",1.7,2.38,4.7,12,9,China
Factory Direct Original Brand Women's Perfume Oriental Vanilla Fragrance Long Lasting Perfume Cologne,24,"Yiwu Xiangnuo Cosmetics Co., Ltd.",1.29,1.5,4.7,12,1,None
Wholesale Women's Salon Perfume 100ml Hot Sale Floral Oriental Eau De Toilette Women's Perfume Brand Original Parfum,6,"Yiwu Excellence Cosmetics Co., Ltd.",1.25,1.47,4.4,24,1,None
"Arabian Perfume in Gift Box,Long-lasting Fragrance, Mysterious Oriental And Middle Eastern Fragrance Perfume",24,"Shantou Praisein Plastic Product Co., Ltd.",5.5,6.7,4.7,25,1,None
"Arabian Perfume in Gift Box,Long-lasting Fragrance, Mysterious Oriental And Middle Eastern Fragrance Perfume",5,Thammasak,5.5,6.7,4.1,49,1,None
Thai Scented Water Fragrance Perfume Scents Premium Best Selling Product from Thailand,100,"Yiwu City Young Girl Arts & Crafts Co., Ltd.",1.0,4.0,4.1,49,1,None
Wholesale Stock 50ml Perfume Women with Gift Packing Long Lasting Fragrance Perfume Women's Perfume,2,"Xi 'an Winkshow Beauty Products Co., Ltd.",1.18,1.6,3.9,49,4,China
wholesale 250ML victoria secret perfume body glitter fragrance spray long lasting s-ecret perfume fast shipping Women's perfume,5000,"Xi 'an Winkshow Beauty Products Co., Ltd.",1.3,1.8,3.9,49,2,China
wholesale women's perfume arabes perfumes original perfumes originales al por mayor Victoria Fragrance,100,"Nanyang Lisa Trade Co., Ltd.",1.3,1.8,4.57,21,2,China
30mm Stainless Steel Magnetic Perfume Essential Oil Diffuser Locket Pendant Bracelet for Fashion Jewelry Accessories,48,"Nanyang Lisa Trade Co., Ltd.",1.5,1.7,4.57,21,6,China
30mm Stainless Steel Perfume Essential Oil Locket Pendant Bracelet for Fashion Jewelry Accessories,2880,"Guangzhou Rongxin Packaging Printing Co., Ltd.",1.5,1.7,4.57,21,6,China
High quality perfume wholesale fresh floral fragrance lasting fragrance men's and women's perfume,2880,"Henan Juxinding Trading Co., Ltd.",12.0,15.6,4.57,21,1,None
women's perfume(old) ladies perfume long lasting fragrances blue man perfume Lasting Fresh One Piece Delivery,2880,"Xi'an Meijian Technology Co., Ltd.",2.81,3.11,4.57,21,1,None
Scrub Women's Perfume 50ml Light Fragrance Rose Peach Scent Fresh and Natural Niche girl's parfum,1,"Xi'an Meijian Technology Co., Ltd.",0.65,1.2,4.57,21,2,China
50ml quicksand gold-plated perfume women's lasting fragrance students' popular fantasy quicksand perfume cheap,100,"Xi'an Meijian Technology Co., Ltd.",0.75,1.8,4.57,21,2,China
Wholesale women's Perfume Girl Natural Quicksand Cheap Perfume Fragrance 50ml Perfume,1,"Xi'an Meijian Technology Co., Ltd.",0.75,1.5,4.57,21,2,China
Famous Brand Original Fragrance Perfumes For Woman Charm Beauty Wholesale Women's Parfum 5th Avenue Perfume,100,Sonimedi Co.,2.8,4.0,4.57,21,2,China
Upgraded SONIMEDI OVACO Fluid Cream provides smooth skin rhythm with natural moisturizing factor,5,Sonimedi Co.,30.0,30.0,4.57,21,3,KR
high satisfaction SONIMED ICore Serum Rx serum developed to accommodate specific skin condition,2,Sonimedi Co.,45.0,45.0,4.57,21,3,KR
100ml Classic floral and fruity Arab perfume for women durable wholesale,100,Hunan Supermacro Technology Co.Ltd.,3.9,4.7,4.57,21,2,China
gift box Arabic perfume Lasting Fragrance mysterious Middle East fragrance perfume,100,"Techplus Gifts (shenzhen) Co., Ltd.",4.5,5.1,4.57,21,2,China
Wholesale fashion Rhinestone car pendant keychain Rhinestone perfume bottle shape keychain women's bag pendant accessories,3,"Healing Essence co.,Ltd",0.75,0.99,4.57,21,7,China
Japanese small body mist spray bottle women's perfumes bulk sale,5000,"Healing Essence co.,Ltd",13.0,18.0,4.57,21,1,None
Japanese relieving stress body mist women's perfume bodymist wholesale,5000,"Healing Essence co.,Ltd",13.0,18.0,4.57,21,1,None
Japanese high-quality bulk women's perfumes spray for ladies,5000,"Henan ZH Import&Export Co., Ltd.",13.0,18.0,4.57,21,1,None
Custom 30ml 50ml 100ml women's men's amber color glass perfume bottle with box,3,NAJA THAI SHOP,0.18,0.28,4.57,21,10,China
Best-selling ladies' perfume floral fragrance Original Brand Quality Perfume for Men and Women,3,"Zhejiang Meizhiyuan Biotechnology Co., Ltd.",1.8,2.4,4.57,21,2,China
Best Selling Perfume Bottles Wholesale 100ml Crimp Perfume Bottle With Box Luxury Perfume Bottle With Box,3,ACO PERFUMES & COSMETICS LLP,1.2,1.2,4.57,21,1,None
Best Selling Unisex Perfume Spray Long Time Leaving Women's Perfume Original Men Fragrance,1000,ACO PERFUMES & COSMETICS LLP,1.2,1.2,4.57,21,1,None
Perfume factory customized private label 100ml women's perfume body spray Perfume pour femme,2400,"Zhejiang Meimi Technology Co., Ltd.",1.2,1.2,4.57,21,1,None
mini 30ml woman perfume and 35ml body mist with box long lasting 50 different fragrance,2160,"Guangzhou Wauke Trade Co., Ltd.",0.7,0.83,4.57,21,7,China
WT-P1709 Wholesale newest fashion gold long drop gemstone carved perfume bottle pendant tiny chic lady stone bottle pendant,2160,BEYAZ KOZMETIK ITHALAT IHRACAT SANAYI VE TICARET LIMITED SIRKETI,3.1,3.6,4.57,21,10,China
AquaVera Body Splash For Her 200 ml / AquaVera Body Spray Women's Perfume For Her 200 ml,2,BEYAZ KOZMETIK ITHALAT IHRACAT SANAYI VE TICARET LIMITED SIRKETI,1.4,1.6,4.57,21,13,Turkey
Women's perfume lasting fragrance flower fruit aroma aroma Vietnam perfume wholesale,50,"Yiwu Showmee Trade Co., Ltd.",2.14,2.54,4.57,21,2,China
Women's fragrance lasting light fragrance Real me cocoa sin love bamboo sweet fragrance wholesale,20,"Yiwu Gt Accessories Co.,ltd",2.14,2.54,4.57,21,2,China
Original Perfume 1:1 Women'S Perfume 100Ml Long-Lasting Fragrance Cologne Good Smell Body Spray Fashion Item Original,20,"Shenzhen Fargrass Trading Co., Ltd.",11.0,14.0,4.57,21,1,None
Original Perfume 1:1100ml Flora Gorgeous Gardenia Eau de Parfum Paris Cologne Women's Perfume Long Lasting Spray,24,"Zhejiang Meizhiyuan Cosmetics Co., Ltd.",11.0,14.0,4.57,21,1,None
Perfumed Body Mist (250ml) For Women,3,"Shenzhen Fargrass Trading Co., Ltd.",2.2,2.5,4.57,21,5,China
Designer Perfume 100ml Apogee Rose Des Vents Contre Moi Mile Feux Edp Perfume Fragrance Top Quality Women Perfume,3,"Zhejiang Meizhiyuan Cosmetics Co., Ltd.",13.99,20.0,4.57,21,1,None
JEEVA 925 Sterling Silver Elegant Emerald Necklace Retro Braided Silver Neck Chain for Women Birthday Gift Fine Jewelry,3,"Zhejiang Meizhiyuan Biotechnology Co., Ltd.",16.81,20.5,4.57,21,10,China
Wholesale Pocket Perfume 35ml Travel Size Perfume for Women,3,"Fuzhou 100s Jewelry Co., Ltd.",0.33,0.38,4.57,21,3,China
Custom Crystal Perfume Bottle Locket Stainless Steel Small Vial Necklace Jewelry for Women,2,"Shenzhen Lojo Trading Co., Ltd.",5.85,6.85,4.57,21,10,China
Eau de Parfum BAROQUE ROUGE 540 100ml by Alhambra Natural perfume spray for women Dubai Perfumes,2,VIBER COLLECTION,13.5,14.5,4.57,21,4,Pakistan
2023 Hair Perfume Mist Private Label 4pc Hair Perfume Berry Bow SG0144,2,"Zhejiang Meizhiyuan Biotechnology Co., Ltd.",2.4,3.0,4.57,21,3,China
Women's perfume Floral fragrance Fresh fragrance Natural lasting girl spray perfume,2,"Guangzhou Fandisi Cosmetis Co., Ltd.",1.17,1.35,4.57,21,1,None
B2B order korea beauty and korea perfume Celleanser Dress Perfume Warm Oriental 200ml made in Korea Dress perfume For Unisex,3,"Guangzhou Fandisi Cosmetis Co., Ltd.",1.0,1.0,4.57,21,1,None
Original Brand Parfum Women's Perfume Fragrance Oil High Quality Eau De Perfume,3,"Henan ZH Import&Export Co., Ltd.",10.0,15.0,4.57,21,2,China
New Factory 35ml perfume Floral Tone Small Test Tube Women's perfume Long lasting fresh body spray Customized logo,3,"Anhui Jiulianlong Health Technology Co., Ltd.",0.55,0.62,4.57,21,1,None
Manufacturers wholesale body spray perfume cross-border ladies long-lasting fragrance,3,"Guangzhou Tess Jewelry Co., Ltd.",1.09,1.19,4.57,21,3,China
Wholesale Bulk Conical Shape Natural Stone Perfume Bottle Pendant Stainless Steel Crystal Essential Oil Diffuser for Unisex Gift,3,"Xuzhou Ou Nuo Packaging Products Co., Ltd.",3.0,4.17,4.57,21,7,China
Middle East Arabian Men's and Women's Perfume unisex perfume wholesale arabic perfumes,3,NUCOS KOZMETIK KIMYA SANAYI VE TICARET LIMITED SIRKETI,0.55,2.15,4.57,21,3,China
High Quality Nucos Pocket Perfume 20 ML.,3,NUCOS KOZMETIK KIMYA SANAYI VE TICARET LIMITED SIRKETI,0.7,0.9,4.57,21,9,Turkey
Lisse Royal Matmazel / Elegant Perfume 100 ml / Parfum - Perfume Original High Quality Women's Perfume,3,"Dongguan Qiandu Jewelry Co., Ltd.",4.0,5.0,4.57,21,9,Turkey
Wholesale women jewelry stainless steel perfume essential oil bottle necklace jewelry,3000,"Henan ZH Import&Export Co., Ltd.",1.99,2.86,4.57,21,7,China
Factory direct sales Middle East Arab perfume Natural Fragrance Men's and women's fragrance spray perfume,960,IVY BEAUTY CORPORATION SDN. BHD.,3.78,4.25,4.57,21,1,None
Premium Quality Glam Style Perfumed EDT mini travel size 10ml Malaysia OEM factory,9600,IVY BEAUTY CORPORATION SDN. BHD.,1.0,3.0,4.57,21,13,Malaysia
Women Fragrance AVII HER EDT_Alluring 50ml with the delicate Fragrance Eau de Toilette_Malaysia,10,Yiwu Wuyan E Commerce Firm,1.0,5.0,4.57,21,13,Malaysia
Osmanthus Peony Pomegranate fragrance Adjustable diamond series perfume 50mBlack diamond Star Night Crystal Enchantress Perfume,2,"Guangzhou Yimeitang Biotechnology Co., Ltd.",1.1,1.4,4.57,21,4,China
Wholesale Body Mist Fragrance 236ml Bodyworks Perfume Spray Victoria Women's Perfume,2,"Henan Chenben Trading Co., Ltd.",0.7,2.25,4.57,21,4,China
Middle East Arab women's perfume trade cross-border perfume big boutel decoration store,5,,3.25,4.15,4.57,21,2,China
